{"cameraMode":{"drawMode":0,"name":"Shaded","section":"Shading Mode"},"sceneLighting":false,"audioPlay":false,"sceneViewState":{"showFog":true,"showMaterialUpdate":false,"showSkybox":false,"showFlares":true,"showImageEffects":true,"showParticleSystems":true,"showVisualEffectGraphs":true,"m_FxEnabled":true},"in2DMode":false,"pivot":{"x":1.3161269426345826,"y":0.1556336134672165,"z":1.1106276512145997},"rotation":{"x":-0.07402650266885758,"y":-0.28805527091026308,"z":0.022329090163111688,"w":-0.9545025825500488},"size":2.0660252571105959,"orthographic":false}