{"cameraMode":{"drawMode":0,"name":"Shaded","section":"Shading Mode"},"sceneLighting":true,"audioPlay":false,"sceneViewState":{"showFog":true,"showMaterialUpdate":false,"showSkybox":true,"showFlares":true,"showImageEffects":true,"showParticleSystems":true,"showVisualEffectGraphs":true,"m_FxEnabled":true},"in2DMode":false,"pivot":{"x":-1.0794373750686646,"y":2.9984731674194338,"z":-27.45794677734375},"rotation":{"x":0.14402110874652863,"y":-0.18001876771450044,"z":0.026700137183070184,"w":0.9727230668067932},"size":1.5283154249191285,"orthographic":false}