{"cameraMode":{"drawMode":0,"name":"Shaded","section":"Shading Mode"},"sceneLighting":false,"audioPlay":false,"sceneViewState":{"showFog":true,"showMaterialUpdate":false,"showSkybox":false,"showFlares":true,"showImageEffects":true,"showParticleSystems":true,"showVisualEffectGraphs":true,"m_FxEnabled":true},"in2DMode":false,"pivot":{"x":0.07141602039337158,"y":0.37003597617149355,"z":-0.9426864385604858},"rotation":{"x":0.07733377069234848,"y":0.12261463701725006,"z":-0.009560508653521538,"w":0.9894077181816101},"size":0.000017320508050033823,"orthographic":false}