{"cameraMode":{"drawMode":0,"name":"Shaded","section":"Shading Mode"},"sceneLighting":false,"audioPlay":false,"sceneViewState":{"showFog":true,"showMaterialUpdate":false,"showSkybox":false,"showFlares":true,"showImageEffects":true,"showParticleSystems":true,"showVisualEffectGraphs":true,"m_FxEnabled":true},"in2DMode":false,"pivot":{"x":-8.786908149719239,"y":0.13828937709331513,"z":3.724362850189209},"rotation":{"x":0.07396971434354782,"y":-0.36233988404273989,"z":0.028909889981150628,"w":0.9286812543869019},"size":7.954380512237549,"orthographic":false}