{"cameraMode":{"drawMode":0,"name":"Shaded","section":"Shading Mode"},"sceneLighting":false,"audioPlay":false,"sceneViewState":{"showFog":true,"showMaterialUpdate":false,"showSkybox":false,"showFlares":true,"showImageEffects":true,"showParticleSystems":true,"showVisualEffectGraphs":true,"m_FxEnabled":true},"in2DMode":false,"pivot":{"x":6.433274745941162,"y":2.343209743499756,"z":0.8636770248413086},"rotation":{"x":0.06816087663173676,"y":-0.6178603172302246,"z":0.05389035865664482,"w":0.7814802527427673},"size":0.000017320508050033823,"orthographic":false}