{"cameraMode":{"drawMode":0,"name":"Shaded","section":"Shading Mode"},"sceneLighting":false,"audioPlay":false,"sceneViewState":{"showFog":true,"showMaterialUpdate":false,"showSkybox":false,"showFlares":true,"showImageEffects":true,"showParticleSystems":true,"showVisualEffectGraphs":true,"m_FxEnabled":true},"in2DMode":false,"pivot":{"x":3.3941895961761476,"y":-1.3613395690917969,"z":-3.0735907554626467},"rotation":{"x":0.05213727429509163,"y":0.11389420926570893,"z":-0.005961890798062086,"w":0.9921233057975769},"size":14.757072448730469,"orthographic":false}